model,execution model,problem type,speedup_1@1,efficiency_1@1,speedup_2@1,efficiency_2@1,speedup_4@1,efficiency_4@1,speedup_8@1,efficiency_8@1,speedup_16@1,efficiency_16@1,speedup_32@1,efficiency_32@1
CodeLlama-34B,kokkos,dense_la,0.46104268672267223,0.46104268672267223,0.8970556873070841,0.44852784365354204,1.8173239561862307,0.45433098904655767,3.4848213979602765,0.43560267474503456,7.0911014278008455,0.44319383923755284,13.074452561256287,0.40857664253925896
CodeLlama-34B,kokkos,geometry,0.2255136175593122,0.2255136175593122,0.258016361499565,0.1290081807497825,0.389962216918869,0.09749055422971725,0.6823356393674852,0.08529195492093565,1.301496165371815,0.08134351033573843,2.5034951305118875,0.07823422282849649
CodeLlama-34B,kokkos,graph,0.2813588647867369,0.2813588647867369,0.562697665917093,0.2813488329585465,1.1220333084177718,0.28050832710444296,2.2509511356418304,0.2813688919552288,4.451019674369042,0.2781887296480651,8.704165378354245,0.27200516807357017
CodeLlama-34B,kokkos,reduce,0.8256506642395032,0.8256506642395032,1.2221525646976001,0.6110762823488001,2.0267125374848325,0.5066781343712081,3.6332410243356055,0.4541551280419507,6.981493950476832,0.436343371904802,13.449149742085751,0.42028592944017973
CodeLlama-34B,kokkos,scan,1.0910775021560708,1.0910775021560708,0.0,0.0,0.0,0.0,0.0,0.0,0.0,0.0,0.0,0.0
CodeLlama-34B,kokkos,search,0.2152754313882857,0.2152754313882857,0.4309696112665852,0.2154848056332926,0.8622722595132744,0.2155680648783186,1.661552988598795,0.20769412357484937,2.505055087039688,0.1565659429399805,2.753305107567982,0.08604078461149944
CodeLlama-34B,kokkos,transform,0.8652845230691931,0.8652845230691931,1.722771113356363,0.8613855566781815,3.438078236459027,0.8595195591147567,6.859029761231295,0.8573787201539119,13.896111264469466,0.8685069540293416,27.56260657775942,0.8613314555549819
