model,execution model,problem type,speedup_1@1,efficiency_1@1,speedup_2@1,efficiency_2@1,speedup_4@1,efficiency_4@1,speedup_8@1,efficiency_8@1,speedup_16@1,efficiency_16@1,speedup_32@1,efficiency_32@1
CodeLlama-13B,kokkos,dense_la,0.34646111719648987,0.34646111719648987,0.6916834131586381,0.34584170657931906,1.3792131355181327,0.3448032838795332,2.753314555558257,0.34416431944478215,5.495791064694473,0.3434869415434046,9.781124948672014,0.30566015464600044
CodeLlama-13B,kokkos,geometry,0.3576884113621655,0.3576884113621655,0.353692476544958,0.176846238272479,0.35741207216265575,0.08935301804066394,0.35839875395559434,0.04479984424444929,0.3659237473558727,0.022870234209742043,0.3662997560663927,0.011446867377074772
CodeLlama-13B,kokkos,graph,0.32199468525170494,0.32199468525170494,0.3573008835159366,0.1786504417579683,0.4226909468985356,0.1056727367246339,0.5531639687745985,0.06914549609682481,0.830598648976075,0.05191241556100469,1.3584704971436903,0.04245220303574032
CodeLlama-13B,kokkos,histogram,0.49254226844721943,0.49254226844721943,0.40691040325457384,0.20345520162728692,0.48387302928344234,0.12096825732086058,0.44602931961365866,0.05575366495170733,0.4444251372021118,0.027776571075131987,0.43426115368263274,0.013570661052582273
CodeLlama-13B,kokkos,reduce,1.1526706016062902,1.1526706016062902,2.131513786453558,1.065756893226779,4.0834481710452755,1.0208620427613189,7.970097397338397,0.9962621746672996,14.76651661769161,0.9229072886057256,21.760548045579046,0.6800171264243452
CodeLlama-13B,kokkos,stencil,0.43833601423162,0.43833601423162,0.8767905895853975,0.43839529479269873,1.7612435990246864,0.4403108997561716,3.4767587943453737,0.4345948492931717,6.9669270153104135,0.43543293845690084,14.2522656251154,0.4453833007848563
CodeLlama-13B,kokkos,transform,1.3923379061404613,1.3923379061404613,2.772874273538197,1.3864371367690984,5.535232842581403,1.3838082106453506,10.900981562175152,1.362622695271894,22.22756623699908,1.3892228898124426,44.52229817148291,1.391321817858841
