model,execution model,problem type,speedup_1@1,efficiency_1@1,speedup_2@1,efficiency_2@1,speedup_4@1,efficiency_4@1,speedup_8@1,efficiency_8@1,speedup_16@1,efficiency_16@1,speedup_32@1,efficiency_32@1
CodeLlama-7B,kokkos,geometry,0.3989260416446082,0.3989260416446082,0.38341688036324106,0.19170844018162053,0.398769483501477,0.09969237087536925,0.3853735007711615,0.04817168759639519,0.40600981953501886,0.02537561372093868,0.38413071249338177,0.01200408476541818
CodeLlama-7B,kokkos,graph,0.37573765800692493,0.37573765800692493,0.37584688697971325,0.18792344348985662,0.37600728799120847,0.09400182199780212,0.37572398134541374,0.04696549766817672,0.37573752902977553,0.02348359556436097,0.37553268545617535,0.01173539642050548
CodeLlama-7B,kokkos,histogram,0.5697468782224298,0.5697468782224298,0.6979518632258975,0.34897593161294876,0.0,0.0,0.0,0.0,0.0,0.0,0.0,0.0
CodeLlama-7B,kokkos,reduce,0.8980571081545551,0.8980571081545551,1.2669323426313615,0.6334661713156807,1.9977467569992455,0.4994366892498114,3.4517109635203154,0.4314638704400394,6.320630111338264,0.3950393819586415,11.939398786482709,0.37310621207758465
CodeLlama-7B,kokkos,stencil,0.41698213454476646,0.41698213454476646,0.7032890069930849,0.35164450349654247,1.5304014871427836,0.3826003717856959,3.047667874811251,0.3809584843514064,6.065632358294693,0.37910202239341834,11.970177673603153,0.37406805230009854
CodeLlama-7B,kokkos,transform,1.2535370832205182,1.2535370832205182,2.468054586909754,1.234027293454877,4.878616879394713,1.2196542198486782,9.722920945849971,1.2153651182312464,17.6938434962443,1.1058652185152686,37.3725188861857,1.1678912151933032
